Name,DraftKingsSalary,DPointsAllowed,Home,PointSpread,OverUnder,total,Rank,Team,TargetsGame,RecGame,RecPercentage,RecYardsGame,RecTdGame,YardsTarget,RecYardsRec,RushesGame,RushYardsGame,YardAttempt,RushTdGame,PointsGame,RZTargetsGame,RZRecGame,RZRecPercentage,RZRecYardsGame,RZRecTdGame,RZYardsTarget,RZRecYardsRec,RZRushesGame,RZRushYardsGame,RZYardAttempt,RZRushTdGame,RZPointsGame,Projections
Trey Burton,4800,47.54,TRUE,-7.5,44.5,26,6,CHI,5.666666667,4,70.6,54.16666667,0.666666667,9.6,13.5,0.166666667,0.333333333,2,0,14,1,0.833333333,83.3,6.333333333,0.5,6.3,7.6,0.166666667,0.333333333,2,0,4.5,37.8872326
Jared Cook,5000,36.71,TRUE,3,50,23.5,5,OAK,7.166666667,5.333333333,74.4,66.66666667,0.333333333,9.3,12.5,0,0,0,0,15,1.833333333,1.5,81.8,8.833333333,0.333333333,4.8,5.9,0,0,0,0,4.4,15.00907381
David Njoku,4600,47.12,FALSE,8,51,21.5,9,CLE,7.428571429,4.428571429,59.6,42.42857143,0.285714286,5.7,9.6,0,0,0,0,10.4,0.428571429,0.285714286,66.7,2.285714286,0.285714286,5.3,8,0,0,0,0,2.2,14.66118192
George Kittle,5500,36.59,FALSE,1,43,21,4,SF,7,4.571428571,65.3,75.28571429,0.285714286,10.8,16.5,0,0,0,0,14.5,1.142857143,0.571428571,50,4.428571429,0.142857143,3.9,7.8,0,0,0,0,2.2,14.15868543
OJ Howard,3900,41.39,FALSE,4,54.5,25.25,12,TB,5,3.333333333,66.7,58.5,0.333333333,11.7,17.6,0,0,0,0,11.2,0.5,0.333333333,66.7,4.166666667,0.166666667,8.3,12.5,0,0,0,0,1.8,14.13479972
Jack Doyle,4400,41.96,FALSE,-3,50,26.5,56,IND,7.5,4.5,60,40,0,5.3,8.9,0,0,0,0,8,1.5,1,66.7,10.5,0,7,10.5,0,0,0,0,2,13.90289632
Tyler Eifert,2500,49.47,TRUE,-4,54.5,29.25,22,CIN,4.75,3.75,78.9,44.75,0.25,9.4,11.9,0,0,0,0,9.7,0.5,0.25,50,3.75,0.25,7.5,15,0,0,0,0,2.1,13.80030871
Travis Kelce,6800,35.7,TRUE,-10,53.5,31.75,2,KC,8.571428571,5.428571429,63.3,80.42857143,0.428571429,9.4,14.8,0,0,0,0,17.3,1.428571429,0.714285714,50,6.428571429,0.285714286,4.5,9,0,0,0,0,3.1,13.14408844
Jimmy Graham,4700,34.2,FALSE,9.5,56.5,23.5,10,GB,7.5,4.5,60,58.16666667,0.166666667,7.8,12.9,0,0,0,0,11.8,0.833333333,0.5,60,3.333333333,0.166666667,4,6.7,0,0,0,0,1.8,12.80444088
Seth DeValve,2500,47.12,FALSE,8,51,21.5,84,CLE,0.25,0.25,100,6.5,0,26,26,0,0,0,0,0.9,0,0,0,0,0,0,0,0,0,0,0,0,11.0745387
Vance McDonald,3700,43.51,TRUE,-8,51,29.5,13,PIT,5,4,80,54.8,0.2,11,13.7,0,0,0,0,11.1,0.4,0.2,50,0,0,0,0,0,0,0,0,0.2,11.05578206
Jesse James,2900,43.51,TRUE,-8,51,29.5,15,PIT,3.5,2.833333333,81,45.66666667,0.166666667,13,16.1,0,0,0,0,8.9,0.333333333,0.166666667,50,1.166666667,0,3.5,7,0,0,0,0,0.3,10.77505293
CJ Uzomah,3500,49.47,TRUE,-4,54.5,29.25,17,CIN,2.714285714,2.428571429,89.5,26.28571429,0.285714286,9.7,10.8,0,0,0,0,6.8,0.285714286,0.285714286,100,0.714285714,0.285714286,2.5,2.5,0,0,0,0,2.1,10.20357381
Darren Fells,2500,47.12,FALSE,8,51,21.5,48,CLE,0.857142857,0.714285714,83.3,12,0.142857143,14,16.8,0,0,0,0,2.8,0,0,0,0,0,0,0,0,0,0,0,0,9.72386188
Jeff Heuerman,2600,39.64,FALSE,10,53.5,21.75,34,DEN,3.428571429,2,58.3,18.57142857,0,5.4,9.3,0,0,0,0,3.9,1.142857143,0.285714286,25,1.285714286,0,1.1,4.5,0,0,0,0,0.4,9.24839006
Will Dissly,2500,34.02,FALSE,3,49.5,23.25,23,SEA,3.5,2,57.1,39,0.5,11.1,19.5,0,0,0,0,9.6,0.5,0.5,100,4.25,0.5,8.5,8.5,0,0,0,0,3.9,9.233753216
Jordan Reed,4500,36.27,FALSE,-1,43,22,14,WAS,5.833333333,3.666666667,62.9,44.66666667,0.166666667,7.7,12.2,0,0,0,0,9,0.5,0.166666667,33.3,0.666666667,0.166666667,1.3,4,0,0,0,0,1.2,9.17299761
Cameron Brate,2700,41.39,FALSE,4,54.5,25.25,25,TB,2.5,1.666666667,66.7,16.83333333,0.5,6.7,10.1,0,0,0,0,6.2,0.666666667,0.5,75,5.833333333,0.5,8.8,11.7,0,0,0,0,4.1,9.108468114
Erik Swoope,2500,41.96,FALSE,-3,50,26.5,26,IND,1.6,1.4,87.5,16.6,0.6,10.4,11.9,0,0,0,0,6.7,0.8,0.8,100,7.8,0.6,9.8,9.8,0,0,0,0,5.2,8.804460503
Mo Alie-Cox,2500,41.96,FALSE,-3,50,26.5,68,IND,1.666666667,1,60,19.33333333,0,11.6,19.3,0,0,0,0,2.9,0.666666667,0.333333333,50,2.333333333,0,3.5,7,0,0,0,0,0.6,8.67833353
Rhett Ellison,2500,38.35,TRUE,1,43,21,27,NYG,2.666666667,2.166666667,81.2,19.5,0.166666667,7.3,9,0,0,0,0,5.4,0.666666667,0.5,75,4.5,0.166666667,6.8,9,0,0,0,0,2.3,8.613053832
Evan Engram,4300,38.35,TRUE,1,43,21,29,NYG,4.25,3,70.6,30,0.25,7.1,10,0.25,2.5,10,0,7.8,0.75,0.25,33.3,4.5,0.25,6,18,0,0,0,0,2.2,8.452280306
Jermaine Gresham,2600,40.2,TRUE,-1,43,22,71,ARI,0.8,0.6,75,9.2,0,11.5,15.3,0,0,0,0,1.5,0.2,0.2,100,2.2,0,11,11,0,0,0,0,0.4,8.137688304
Eric Tomlinson,2500,46.87,FALSE,7.5,44.5,18.5,62,NYJ,1.428571429,0.857142857,60,7.857142857,0,5.5,9.2,0,0,0,0,1.6,0,0,0,0,0,0,0,0,0,0,0,0,8.083926726
Jordan Leggett,2500,46.87,FALSE,7.5,44.5,18.5,59,NYJ,1.166666667,0.666666667,57.1,3.833333333,0.166666667,3.3,5.8,0,0,0,0,2,0.333333333,0.333333333,100,0.666666667,0.166666667,2,2,0,0,0,0,1.4,8.051632971
Michael Roberts,2500,35.78,TRUE,-3,49.5,26.25,31,DET,1.333333333,1.333333333,100,21,1,15.8,15.8,0,0,0,0,9.4,1,1,100,11.33333333,1,11.3,11.3,0,0,0,0,8.1,7.999313536
Ricky Seals-Jones,3000,40.2,TRUE,-1,43,22,20,ARI,5,2.428571429,48.6,29.14285714,0.142857143,5.8,12,0,0,0,0,6.2,0.285714286,0,0,0,0,0,0,0,0,0,0,0,7.98322556
Tyler Kroft,2500,49.47,TRUE,-4,54.5,29.25,71,CIN,1.2,0.8,66.7,7.2,0,6,9,0,0,0,0,1.5,0.4,0.2,50,1,0,2.5,5,0,0,0,0,0.3,7.91696683
Nick Vannett,2900,34.02,FALSE,3,49.5,23.25,43,SEA,3.6,2.4,66.7,22,0,6.1,9.2,0,0,0,0,4.6,0.2,0.2,100,1.6,0,8,8,0,0,0,0,0.4,7.649144936
Eric Ebron,4900,41.96,FALSE,-3,50,26.5,3,IND,8.428571429,4.714285714,55.9,51,0.857142857,6.1,10.8,0.142857143,-0.142857143,-1,0,15.4,2,0.857142857,42.9,7.714285714,0.714285714,3.9,9,0.142857143,-0.142857143,-1,0,5.9,7.473584797
Tyrone Swoopes,2500,34.02,FALSE,3,49.5,23.25,86,SEA,1,1,100,23,0,23,23,0,0,0,0,3.3,0,0,0,0,0,0,0,0,0,0,0,0,7.296330661
Mark Andrews,2700,37.25,FALSE,-2,44,23,21,BAL,3,2,66.7,23.28571429,0.285714286,7.8,11.6,0,0,0,0,6,0.571428571,0.428571429,75,2.428571429,0.285714286,4.2,5.7,0,0,0,0,2.4,7.225893479
Maxx Williams,2500,37.25,FALSE,-2,44,23,33,BAL,2,2,100,18.14285714,0,9.1,9.1,0.285714286,1.142857143,4,0,3.9,0.571428571,0.428571429,75,1.714285714,0,3,4,0,0,0,0,0.6,6.851255469
Orson Charles,2500,47.12,FALSE,8,51,21.5,91,CLE,0.428571429,0.142857143,33.3,1.142857143,0,2.7,8,0,0,0,0,0.3,0,0,0,0,0,0,0,0,0,0,0,0,6.635880492
Vernon Davis,2800,36.27,FALSE,-1,43,22,30,WAS,1.666666667,1.5,90,24.83333333,0.166666667,14.9,16.6,0,0,0,0,5,0,0,0,0,0,0,0,0,0,0,0,0,6.617951519
Nick Boyle,2500,37.25,FALSE,-2,44,23,38,BAL,3.428571429,1.857142857,54.2,18.42857143,0,5.4,9.9,0,0,0,0,3.7,0.857142857,0.285714286,33.3,0.857142857,0,1,3,0,0,0,0,0.4,6.472084356
Matt LaCosse,2500,39.64,FALSE,10,53.5,21.75,64,DEN,1.285714286,0.714285714,55.6,7.857142857,0,6.1,11,0,0,0,0,1.5,0,0,0,0,0,0,0,0,0,0,0,0,6.250111742
Greg Olsen,4200,32.21,TRUE,2,44,21,44,CAR,4.666666667,2.666666667,57.1,28.66666667,0.333333333,6.1,10.8,0,0,0,0,7.5,0.333333333,0.333333333,100,0.333333333,0.333333333,1,1,0,0,0,0,2.4,6.198236808
Demetrius Harris,2500,35.7,TRUE,-10,53.5,31.75,35,KC,1.666666667,0.833333333,50,15.66666667,0.333333333,9.4,18.8,0,0,0,0,4.4,0.333333333,0.333333333,100,5,0.333333333,15,15,0,0,0,0,2.8,6.094073929
Lance Kendricks,2500,34.2,FALSE,9.5,56.5,23.5,46,GB,1.833333333,1.166666667,63.6,11.16666667,0.166666667,6.1,9.6,0,0,0,0,3.3,0.333333333,0.333333333,100,0.833333333,0.166666667,2.5,2.5,0,0,0,0,1.4,5.922290807
Ian Thomas,2500,32.21,TRUE,2,44,21,53,CAR,2.666666667,1.666666667,62.5,12,0,4.5,7.2,0,0,0,0,2.9,0.5,0.333333333,66.7,2.5,0,5,7.5,0,0,0,0,0.6,5.475883135
Antony Auclair,2500,41.39,FALSE,4,54.5,25.25,70,TB,0.833333333,0.833333333,100,4.666666667,0,5.6,5.6,0,0,0,0,1.3,0,0,0,0,0,0,0,0,0,0,0,0,5.33319164
Xavier Grimble,2500,43.51,TRUE,-8,51,29.5,73,PIT,0.666666667,0.5,75,7.333333333,0,11,14.7,0,0,0,0,1.2,0,0,0,0,0,0,0,0,0,0,0,0,5.113836995
Garrett Celek,2500,36.59,FALSE,1,43,21,60,SF,0.714285714,0.428571429,60,4.142857143,0.142857143,5.8,9.7,0,0,0,0,1.7,0.285714286,0.142857143,50,1.571428571,0.142857143,5.5,11,0,0,0,0,1.2,4.978846073
Scott Simonson,2500,38.35,TRUE,1,43,21,80,NYG,0.857142857,0.285714286,33.3,4.428571429,0,5.2,15.5,0,0,0,0,0.7,0.285714286,0,0,0,0,0,0,0,0,0,0,0,4.3462351
Matt Lengel,2500,49.47,TRUE,-4,54.5,29.25,96,CIN,1,0,0,0,0,0,0,0,0,0,0,0,0,0,0,0,0,0,0,0,0,0,0,0,4.344673868
Dion Sims,2500,47.54,TRUE,-7.5,44.5,26,89,CHI,0.666666667,0.333333333,50,1.5,0,2.2,4.5,0,0,0,0,0.5,0,0,0,0,0,0,0,0,0,0,0,0,4.327245332
Gerald Everett,2600,37.53,TRUE,-9.5,56.5,33,54,LAR,2,1.285714286,64.3,10.85714286,0,5.4,8.4,0,0,0,0,2.4,0.714285714,0.428571429,60,1.428571429,0,2,3.3,0,0,0,0,0.6,4.247466505
Mason Schreck,2500,49.47,TRUE,-4,54.5,29.25,96,CIN,0,0,0,0,0,0,0,0,0,0,0,0,0,0,0,0,0,0,0,0,0,0,0,0,4.061767241
Derek Carrier,2500,36.71,TRUE,3,50,23.5,77,OAK,0.833333333,0.5,60,4.166666667,0,5,8.3,0,0,0,0,0.9,0.166666667,0,0,0,0,0,0,0,0,0,0,0,3.679076329
Lee Smith,2500,36.71,TRUE,3,50,23.5,79,OAK,0.666666667,0.5,75,3.833333333,0,5.8,7.7,0,0,0,0,0.9,0,0,0,0,0,0,0,0,0,0,0,0,3.643799696
Brian Parker,2500,39.64,FALSE,10,53.5,21.75,96,DEN,0.666666667,0,0,0,0,0,0,0,0,0,0,0,0,0,0,0,0,0,0,0,0,0,0,0,3.638578091
Hayden Hurst,2500,37.25,FALSE,-2,44,23,92,BAL,1.666666667,0.333333333,20,2.333333333,0,1.4,7,0.333333333,0,0,0,0.6,0,0,0,0,0,0,0,0,0,0,0,0,3.281551088
Ben Braunecker,2500,47.54,TRUE,-7.5,44.5,26,96,CHI,0.166666667,0,0,0,0,0,0,0,0,0,0,0,0.166666667,0,0,0,0,0,0,0,0,0,0,0,3.256747649
Tyler Higbee,2600,37.53,TRUE,-9.5,56.5,33,52,LAR,1.428571429,0.714285714,50,9.142857143,0.142857143,6.4,12.8,0,0,0,0,2.5,0.428571429,0.142857143,33.3,0.428571429,0.142857143,1,3,0,0,0,0,1,3.158287587
Luke Willson,2500,35.78,TRUE,-3,49.5,26.25,65,DET,1.5,1,66.7,6.166666667,0,4.1,6.2,0,0,0,0,1.6,0,0,0,0,0,0,0,0,0,0,0,0,2.691328656
Levine Toilolo,2500,35.78,TRUE,-3,49.5,26.25,81,DET,0.666666667,0.5,75,3.166666667,0,4.8,6.3,0,0,0,0,0.8,0,0,0,0,0,0,0,0,0,0,0,0,2.176222467
Gabe Holmes,2500,40.2,TRUE,-1,43,22,96,ARI,0,0,0,0,0,0,0,0,0,0,0,0,0,0,0,0,0,0,0,0,0,0,0,0,2.018958751
Marcedes Lewis,2500,34.2,FALSE,9.5,56.5,23.5,96,GB,0.166666667,0,0,0,0,0,0,0,0,0,0,0,0.166666667,0,0,0,0,0,0,0,0,0,0,0,1.849444768
Ross Dwelley,2500,36.59,FALSE,1,43,21,96,SF,0,0,0,0,0,0,0,0,0,0,0,0,0,0,0,0,0,0,0,0,0,0,0,0,1.309631194
Jeremy Sprinkle,2500,36.27,FALSE,-1,43,22,96,WAS,0.166666667,0,0,0,0,0,0,0,0,0,0,0,0.166666667,0,0,0,0,0,0,0,0,0,0,0,1.034359202
Darrell Daniels,2500,34.02,FALSE,3,49.5,23.25,96,SEA,0.2,0,0,0,0,0,0,0,0,0,0,0,0,0,0,0,0,0,0,0,0,0,0,0,0.807919353
Chris Manhertz,2500,32.21,TRUE,2,44,21,94,CAR,0.333333333,0.166666667,50,0.333333333,0,1,2,0,0,0,0,0.2,0,0,0,0,0,0,0,0,0,0,0,0,0.785543832